formula,runtime,conflicts,runtime-NR,conflicts-NR
/home/sdorco/newInstances/CBS_k3_n100_m403_b30_13.cnf,0.002394,318,0.003175,318
/home/sdorco/newInstances/CBS_k3_n100_m403_b30_9.cnf,0.0,74,0.000848,74
/home/sdorco/newInstances/CBS_k3_n100_m403_b70_5.cnf,0.003027,415,0.003288,415
/home/sdorco/newInstances/CBS_k3_n100_m403_b10_4.cnf,0.000919,47,0.0,47
/home/sdorco/newInstances/CBS_k3_n100_m403_b30_1.cnf,0.001982,222,0.001828,222
/home/sdorco/newInstances/CBS_k3_n100_m403_b70_12.cnf,0.003102,183,0.002117,183
/home/sdorco/newInstances/CBS_k3_n100_m403_b50_10.cnf,0.001064,36,0.0,36
/home/sdorco/newInstances/CBS_k3_n100_m403_b10_2.cnf,0.001022,96,0.001298,96
/home/sdorco/newInstances/CBS_k3_n100_m403_b90_22.cnf,0.00324,234,0.002165,234
/home/sdorco/newInstances/CBS_k3_n100_m403_b30_3.cnf,0.000858,74,0.001998,74
/home/sdorco/newInstances/CBS_k3_n100_m403_b70_1.cnf,0.000959,141,0.000862,141
/home/sdorco/newInstances/CBS_k3_n100_m403_b90_44.cnf,0.002115,298,0.00235,298
/home/sdorco/newInstances/CBS_k3_n100_m403_b50_9.cnf,0.00101,68,0.000879,68
/home/sdorco/newInstances/CBS_k3_n100_m403_b90_39.cnf,0.002293,298,0.002815,298
/home/sdorco/newInstances/CBS_k3_n100_m403_b10_13.cnf,0.00434,575,0.004147,575
/home/sdorco/newInstances/CBS_k3_n100_m403_b90_1.cnf,0.000959,139,0.001855,139
/home/sdorco/newInstances/CBS_k3_n100_m403_b10_11.cnf,0.001077,34,0.000913,34
/home/sdorco/newInstances/CBS_k3_n100_m403_b50_1.cnf,0.002004,193,0.001333,193
/home/sdorco/newInstances/CBS_k3_n100_m403_b90_5.cnf,0.003059,371,0.00278,371
/home/sdorco/newInstances/CBS_k3_n100_m403_b10_6.cnf,0.002431,272,0.001892,272
/home/sdorco/newInstances/CBS_k3_n100_m403_b70_6.cnf,0.004384,624,0.005324,624
/home/sdorco/newInstances/CBS_k3_n100_m403_b90_49.cnf,0.004761,634,0.005006,634
/home/sdorco/newInstances/CBS_k3_n100_m403_b50_8.cnf,0.001867,203,0.001339,203
/home/sdorco/newInstances/CBS_k3_n100_m403_b90_36.cnf,0.002504,297,0.004302,297
/home/sdorco/newInstances/CBS_k3_n100_m403_b70_21.cnf,0.005111,555,0.004175,555
/home/sdorco/newInstances/CBS_k3_n100_m403_b70_7.cnf,0.004792,597,0.005512,597
/home/sdorco/newInstances/CBS_k3_n100_m403_b30_5.cnf,0.003196,197,0.001402,197
/home/sdorco/newInstances/CBS_k3_n100_m403_b50_18.cnf,0.002378,266,0.002182,266
/home/sdorco/newInstances/CBS_k3_n100_m403_b50_12.cnf,0.004162,359,0.002965,359
/home/sdorco/newInstances/CBS_k3_n100_m403_b70_14.cnf,0.005558,765,0.005191,765
/home/sdorco/newInstances/CBS_k3_n100_m403_b90_33.cnf,0.003078,379,0.002953,379
/home/sdorco/newInstances/CBS_k3_n100_m403_b30_17.cnf,0.000937,30,0.0,30
/home/sdorco/newInstances/CBS_k3_n100_m403_b90_29.cnf,0.000881,163,0.001333,163
/home/sdorco/newInstances/CBS_k3_n100_m403_b10_0.cnf,0.0,32,0.002048,32
/home/sdorco/newInstances/CBS_k3_n100_m403_b90_41.cnf,0.002048,223,0.001588,223
/home/sdorco/newInstances/CBS_k3_n100_m403_b10_16.cnf,0.001234,31,0.0,31
/home/sdorco/newInstances/CBS_k3_n100_m403_b10_3.cnf,0.003824,486,0.004804,486
/home/sdorco/newInstances/CBS_k3_n100_m403_b90_20.cnf,0.003491,454,0.002729,454
/home/sdorco/newInstances/CBS_k3_n100_m403_b50_15.cnf,0.000893,108,0.001192,108
/home/sdorco/newInstances/CBS_k3_n100_m403_b30_16.cnf,0.00176,316,0.002126,316
/home/sdorco/newInstances/CBS_k3_n100_m403_b90_50.cnf,0.005209,566,0.004231,566
/home/sdorco/newInstances/CBS_k3_n100_m403_b50_20.cnf,0.004459,653,0.004952,653
/home/sdorco/newInstances/CBS_k3_n100_m403_b30_0.cnf,0.001979,108,0.001957,108
/home/sdorco/newInstances/CBS_k3_n100_m403_b90_37.cnf,0.004333,607,0.004365,607
/home/sdorco/newInstances/CBS_k3_n100_m403_b90_32.cnf,0.001094,255,0.003325,255
/home/sdorco/newInstances/CBS_k3_n100_m403_b10_20.cnf,0.002016,211,0.001997,211
/home/sdorco/newInstances/CBS_k3_n100_m403_b50_5.cnf,0.00475,491,0.003766,491
/home/sdorco/newInstances/CBS_k3_n100_m403_b90_25.cnf,0.002343,290,0.002335,290
/home/sdorco/newInstances/CBS_k3_n100_m403_b70_16.cnf,0.002681,283,0.001794,283
/home/sdorco/newInstances/CBS_k3_n100_m403_b90_9.cnf,0.005106,644,0.004121,644
/home/sdorco/newInstances/CBS_k3_n100_m403_b90_15.cnf,0.001766,282,0.002652,282
/home/sdorco/newInstances/CBS_k3_n100_m403_b30_7.cnf,0.002326,281,0.002344,281
/home/sdorco/newInstances/CBS_k3_n100_m403_b90_16.cnf,0.002992,363,0.001942,363
/home/sdorco/newInstances/CBS_k3_n100_m403_b70_19.cnf,0.002802,314,0.001818,314
/home/sdorco/newInstances/CBS_k3_n100_m403_b10_10.cnf,0.001269,133,0.002624,133
/home/sdorco/newInstances/CBS_k3_n100_m403_b70_17.cnf,0.003259,409,0.004347,409
/home/sdorco/newInstances/CBS_k3_n100_m403_b50_2.cnf,0.000759,81,0.001828,81
/home/sdorco/newInstances/CBS_k3_n100_m403_b50_19.cnf,0.005869,705,0.005144,705
/home/sdorco/newInstances/CBS_k3_n100_m403_b90_14.cnf,0.001074,231,0.003223,231
/home/sdorco/newInstances/CBS_k3_n100_m403_b30_14.cnf,0.001845,149,0.000922,149
/home/sdorco/newInstances/CBS_k3_n100_m403_b10_18.cnf,0.001114,57,0.000736,57
/home/sdorco/newInstances/CBS_k3_n100_m403_b70_2.cnf,0.006996,899,0.007917,899
/home/sdorco/newInstances/CBS_k3_n100_m403_b50_13.cnf,0.001141,113,0.000843,113
/home/sdorco/newInstances/CBS_k3_n100_m403_b50_7.cnf,0.00572,787,0.005836,787
/home/sdorco/newInstances/CBS_k3_n100_m403_b70_13.cnf,0.005686,768,0.005847,768
/home/sdorco/newInstances/CBS_k3_n100_m403_b50_11.cnf,0.001934,334,0.0038,334
/home/sdorco/newInstances/CBS_k3_n100_m403_b70_3.cnf,0.003577,586,0.003575,586
/home/sdorco/newInstances/CBS_k3_n100_m403_b90_18.cnf,0.00324,622,0.004286,622
/home/sdorco/newInstances/CBS_k3_n100_m403_b90_6.cnf,0.00436,595,0.004367,595
/home/sdorco/newInstances/CBS_k3_n100_m403_b70_20.cnf,0.003975,518,0.002979,518
/home/sdorco/newInstances/CBS_k3_n100_m403_b50_16.cnf,0.001347,76,0.001176,76
/home/sdorco/newInstances/CBS_k3_n100_m403_b30_18.cnf,0.000911,180,0.001392,180
/home/sdorco/newInstances/CBS_k3_n100_m403_b50_14.cnf,0.001362,21,0.001859,21
/home/sdorco/newInstances/CBS_k3_n100_m403_b70_15.cnf,0.002332,300,0.004427,300
/home/sdorco/newInstances/CBS_k3_n100_m403_b90_10.cnf,0.001787,320,0.003288,320
/home/sdorco/newInstances/CBS_k3_n100_m403_b90_43.cnf,0.003581,239,0.001794,239
/home/sdorco/newInstances/CBS_k3_n100_m403_b30_12.cnf,0.002264,269,0.001942,269
/home/sdorco/newInstances/CBS_k3_n100_m403_b70_11.cnf,0.006332,872,0.006346,872
/home/sdorco/newInstances/CBS_k3_n100_m403_b70_8.cnf,0.00381,331,0.001863,331
/home/sdorco/newInstances/CBS_k3_n100_m403_b90_8.cnf,0.002912,313,0.001863,313
/home/sdorco/newInstances/CBS_k3_n100_m403_b90_13.cnf,0.008379,847,0.007787,847
/home/sdorco/newInstances/CBS_k3_n100_m403_b70_0.cnf,0.004606,458,0.004768,458
/home/sdorco/newInstances/CBS_k3_n100_m403_b90_48.cnf,0.004759,738,0.005534,738
/home/sdorco/newInstances/CBS_k3_n100_m403_b30_11.cnf,0.001929,185,0.000962,185
/home/sdorco/newInstances/CBS_k3_n100_m403_b50_0.cnf,0.007363,955,0.008778,955
/home/sdorco/newInstances/CBS_k3_n100_m403_b90_38.cnf,0.00543,728,0.004669,728
/home/sdorco/newInstances/CBS_k3_n100_m403_b90_34.cnf,0.005409,573,0.004186,573
/home/sdorco/newInstances/CBS_k3_n100_m403_b90_27.cnf,0.001663,170,0.001665,170
/home/sdorco/newInstances/CBS_k3_n100_m403_b50_4.cnf,0.002534,283,0.002685,283
/home/sdorco/newInstances/CBS_k3_n100_m403_b90_40.cnf,0.002468,322,0.002798,322
/home/sdorco/newInstances/CBS_k3_n100_m403_b90_35.cnf,0.003964,674,0.003996,674
/home/sdorco/newInstances/CBS_k3_n100_m403_b10_9.cnf,0.0,106,0.000906,106
/home/sdorco/newInstances/CBS_k3_n100_m403_b90_21.cnf,0.005009,670,0.005093,670
/home/sdorco/newInstances/CBS_k3_n100_m403_b90_31.cnf,0.002542,399,0.003044,399
/home/sdorco/newInstances/CBS_k3_n100_m403_b50_6.cnf,0.001095,63,0.002162,63
/home/sdorco/newInstances/CBS_k3_n100_m403_b90_0.cnf,0.003326,428,0.002699,428
/home/sdorco/newInstances/CBS_k3_n100_m403_b50_17.cnf,0.001809,301,0.002376,301
/home/sdorco/newInstances/CBS_k3_n100_m403_b30_20.cnf,0.004594,471,0.003773,471
/home/sdorco/newInstances/CBS_k3_n100_m403_b90_45.cnf,0.001267,122,0.000916,122
/home/sdorco/newInstances/CBS_k3_n100_m403_b30_15.cnf,0.002993,226,0.001493,226
/home/sdorco/newInstances/CBS_k3_n100_m403_b90_17.cnf,0.002669,436,0.004187,436
/home/sdorco/newInstances/CBS_k3_n100_m403_b90_26.cnf,0.004485,340,0.001877,340
/home/sdorco/newInstances/CBS_k3_n100_m403_b30_19.cnf,0.00299,376,0.002642,376
/home/sdorco/newInstances/CBS_k3_n100_m403_b10_5.cnf,0.002091,221,0.003181,221
/home/sdorco/newInstances/CBS_k3_n100_m403_b90_46.cnf,0.002355,293,0.003592,293
/home/sdorco/newInstances/CBS_k3_n100_m403_b10_17.cnf,0.002982,501,0.004054,501
/home/sdorco/newInstances/CBS_k3_n100_m403_b90_12.cnf,0.009695,980,0.008792,980
/home/sdorco/newInstances/CBS_k3_n100_m403_b90_30.cnf,0.002954,393,0.003031,393
/home/sdorco/newInstances/CBS_k3_n100_m403_b90_28.cnf,0.004011,620,0.003306,620
/home/sdorco/newInstances/CBS_k3_n100_m403_b30_10.cnf,0.001211,92,0.000757,92
/home/sdorco/newInstances/CBS_k3_n100_m403_b10_7.cnf,0.003207,289,0.003096,289
/home/sdorco/newInstances/CBS_k3_n100_m403_b90_23.cnf,0.003202,191,0.003342,191
/home/sdorco/newInstances/CBS_k3_n100_m403_b90_2.cnf,0.002082,163,0.002846,163
/home/sdorco/newInstances/CBS_k3_n100_m403_b90_7.cnf,0.001319,146,0.002674,146
/home/sdorco/newInstances/CBS_k3_n100_m403_b90_24.cnf,0.002807,328,0.002524,328
/home/sdorco/newInstances/CBS_k3_n100_m403_b10_19.cnf,0.000804,20,0.000936,20
/home/sdorco/newInstances/CBS_k3_n100_m403_b10_14.cnf,0.002822,96,0.001058,96
/home/sdorco/newInstances/CBS_k3_n100_m403_b90_47.cnf,0.004836,620,0.004637,620
/home/sdorco/newInstances/CBS_k3_n100_m403_b10_1.cnf,0.002328,85,0.001539,85
/home/sdorco/newInstances/CBS_k3_n100_m403_b70_9.cnf,0.0029,512,0.004915,512
/home/sdorco/newInstances/CBS_k3_n100_m403_b10_12.cnf,0.000909,145,0.002753,145
/home/sdorco/newInstances/CBS_k3_n100_m403_b50_3.cnf,0.000797,85,0.001554,85
/home/sdorco/newInstances/CBS_k3_n100_m403_b90_42.cnf,0.001361,154,0.002774,154
/home/sdorco/newInstances/CBS_k3_n100_m403_b70_4.cnf,0.000784,87,0.000758,87
/home/sdorco/newInstances/CBS_k3_n100_m403_b90_11.cnf,0.00143,194,0.002009,194
/home/sdorco/newInstances/CBS_k3_n100_m403_b90_19.cnf,0.006863,749,0.005845,749
/home/sdorco/newInstances/CBS_k3_n100_m403_b30_6.cnf,0.006458,586,0.003662,586
/home/sdorco/newInstances/CBS_k3_n100_m403_b70_18.cnf,0.000793,92,0.002286,92
/home/sdorco/newInstances/CBS_k3_n100_m403_b90_3.cnf,0.006002,944,0.007007,944
/home/sdorco/newInstances/CBS_k3_n100_m403_b10_8.cnf,0.0,20,0.000941,20
/home/sdorco/newInstances/CBS_k3_n100_m403_b30_2.cnf,0.003057,362,0.003037,362
/home/sdorco/newInstances/CBS_k3_n100_m403_b70_10.cnf,0.003653,319,0.001847,319
/home/sdorco/newInstances/CBS_k3_n100_m403_b10_15.cnf,0.0,1,0.0,1
/home/sdorco/newInstances/CBS_k3_n100_m403_b30_4.cnf,0.003127,321,0.003152,321
/home/sdorco/newInstances/CBS_k3_n100_m403_b30_8.cnf,0.002803,368,0.003483,368
/home/sdorco/newInstances/CBS_k3_n100_m403_b90_4.cnf,0.003783,435,0.003513,435
/home/sdorco/newInstances/CBS_4.cnf,0.003783,435,0.003513,435